{
  "title": "TOR 1e NPC Parser",
  "description": "Creates an NPC adversary from a copy and pasted statblock. Tested with TOR 1e only.",
  "authors": [
    {
      "name": "ThroughlyDruxy",
      "discord": "ThroughlyDruxy#4390",
      "flags": {}
    }
  ],
  "version": "0.3.1",
  "languages": [
    {
      "lang": "en",
      "name": "English",
      "path": "lang/en.json",
      "flags": {}
    }
  ],
  "esmodules": ["modules/main.js"],
  "url": "https://github.com/ThroughlyDruxy/tor1e-npc-parser",
  "manifest": "https://raw.githubusercontent.com/ThroughlyDruxy/tor1e-npc-parser/main/module.json",
  "download": "https://github.com/ThroughlyDruxy/tor1e-npc-parser/releases/download/v0.3.1/tor1e-npc-parser.zip",
  "id": "tor1e-npc-parser",
  "relationships": {
    "systems": [
      {
        "id": "tor1e",
        "type": "system",
        "manifest": "https://gitlab.com/herve.darritchon/foundryvtt-tor1e/-/raw/master/src/system.json",
        "compatibility": {
          "verified": "5.1.0"
        }
      }
    ]
  },
  "compatibility": {
    "minimum": "12",
    "verified": "13.351",
    "maximum": "13"
  }
}
